[
   {
      "model":"menu.category",
      "pk":1,
      "fields":{
         "category_name":"Antipasti",
         "uuid":"ff4aa586-46e6-48ba-bdee-03c51c99e454",
         "position":0
      }
   },
   {
      "model":"menu.category",
      "pk":2,
      "fields":{
         "category_name":"Pizza",
         "uuid":"017a1ab0-9460-4e9a-9231-7ce5b438659b",
         "position":1
      }
   },
   {
      "model":"menu.category",
      "pk":3,
      "fields":{
         "category_name":"Primi",
         "uuid":"369b2ac2-236b-4290-8367-f5bf50602cbd",
         "position":2
      }
   },
   {
      "model":"menu.category",
      "pk":4,
      "fields":{
         "category_name":"Dolce",
         "uuid":"c55279d1-7e09-4cb3-990f-2336094a4717",
         "position":3
      }
   },
   {
      "model":"menu.throughingredienttag",
      "pk":1,
      "fields":{
         "tag":1,
         "content_object":1
      }
   },
   {
      "model":"menu.throughingredienttag",
      "pk":2,
      "fields":{
         "tag":2,
         "content_object":1
      }
   },
   {
      "model":"menu.throughingredienttag",
      "pk":3,
      "fields":{
         "tag":3,
         "content_object":1
      }
   },
   {
      "model":"menu.throughingredienttag",
      "pk":4,
      "fields":{
         "tag":4,
         "content_object":1
      }
   },
   {
      "model":"menu.throughingredienttag",
      "pk":5,
      "fields":{
         "tag":5,
         "content_object":1
      }
   },
   {
      "model":"menu.throughingredienttag",
      "pk":6,
      "fields":{
         "tag":8,
         "content_object":2
      }
   },
   {
      "model":"menu.throughingredienttag",
      "pk":7,
      "fields":{
         "tag":2,
         "content_object":2
      }
   },
   {
      "model":"menu.throughingredienttag",
      "pk":8,
      "fields":{
         "tag":3,
         "content_object":2
      }
   },
   {
      "model":"menu.throughingredienttag",
      "pk":9,
      "fields":{
         "tag":7,
         "content_object":2
      }
   },
   {
      "model":"menu.throughingredienttag",
      "pk":10,
      "fields":{
         "tag":1,
         "content_object":3
      }
   },
   {
      "model":"menu.throughingredienttag",
      "pk":11,
      "fields":{
         "tag":10,
         "content_object":3
      }
   },
   {
      "model":"menu.throughingredienttag",
      "pk":12,
      "fields":{
         "tag":7,
         "content_object":3
      }
   },
   {
      "model":"menu.throughingredienttag",
      "pk":13,
      "fields":{
         "tag":12,
         "content_object":4
      }
   },
   {
      "model":"menu.throughingredienttag",
      "pk":14,
      "fields":{
         "tag":13,
         "content_object":4
      }
   },
   {
      "model":"menu.throughingredienttag",
      "pk":15,
      "fields":{
         "tag":14,
         "content_object":4
      }
   },
   {
      "model":"menu.throughingredienttag",
      "pk":16,
      "fields":{
         "tag":16,
         "content_object":5
      }
   },
   {
      "model":"menu.throughingredienttag",
      "pk":17,
      "fields":{
         "tag":5,
         "content_object":5
      }
   },
   {
      "model":"menu.throughingredienttag",
      "pk":18,
      "fields":{
         "tag":15,
         "content_object":5
      }
   },
   {
      "model":"menu.throughingredienttag",
      "pk":19,
      "fields":{
         "tag":17,
         "content_object":6
      }
   },
   {
      "model":"menu.throughingredienttag",
      "pk":20,
      "fields":{
         "tag":18,
         "content_object":6
      }
   },
   {
      "model":"menu.throughingredienttag",
      "pk":21,
      "fields":{
         "tag":19,
         "content_object":6
      }
   },
   {
      "model":"menu.throughingredienttag",
      "pk":22,
      "fields":{
         "tag":15,
         "content_object":6
      }
   },
   {
      "model":"menu.throughingredienttag",
      "pk":23,
      "fields":{
         "tag":16,
         "content_object":7
      }
   },
   {
      "model":"menu.throughingredienttag",
      "pk":24,
      "fields":{
         "tag":20,
         "content_object":7
      }
   },
   {
      "model":"menu.throughingredienttag",
      "pk":25,
      "fields":{
         "tag":15,
         "content_object":7
      }
   },
   {
      "model":"menu.throughingredienttag",
      "pk":26,
      "fields":{
         "tag":16,
         "content_object":8
      }
   },
   {
      "model":"menu.throughingredienttag",
      "pk":27,
      "fields":{
         "tag":22,
         "content_object":8
      }
   },
   {
      "model":"menu.throughingredienttag",
      "pk":28,
      "fields":{
         "tag":15,
         "content_object":8
      }
   },
   {
      "model":"menu.throughingredienttag",
      "pk":29,
      "fields":{
         "tag":24,
         "content_object":9
      }
   },
   {
      "model":"menu.throughingredienttag",
      "pk":30,
      "fields":{
         "tag":25,
         "content_object":9
      }
   },
   {
      "model":"menu.throughingredienttag",
      "pk":31,
      "fields":{
         "tag":18,
         "content_object":9
      }
   },
   {
      "model":"menu.throughingredienttag",
      "pk":32,
      "fields":{
         "tag":26,
         "content_object":9
      }
   },
   {
      "model":"menu.throughingredienttag",
      "pk":33,
      "fields":{
         "tag":3,
         "content_object":10
      }
   },
   {
      "model":"menu.throughingredienttag",
      "pk":34,
      "fields":{
         "tag":18,
         "content_object":10
      }
   },
   {
      "model":"menu.throughingredienttag",
      "pk":35,
      "fields":{
         "tag":27,
         "content_object":10
      }
   },
   {
      "model":"menu.throughingredienttag",
      "pk":36,
      "fields":{
         "tag":5,
         "content_object":10
      }
   },
   {
      "model":"menu.throughingredienttag",
      "pk":37,
      "fields":{
         "tag":28,
         "content_object":11
      }
   },
   {
      "model":"menu.throughingredienttag",
      "pk":38,
      "fields":{
         "tag":29,
         "content_object":11
      }
   },
   {
      "model":"menu.throughingredienttag",
      "pk":39,
      "fields":{
         "tag":30,
         "content_object":11
      }
   },
   {
      "model":"menu.throughingredienttag",
      "pk":40,
      "fields":{
         "tag":31,
         "content_object":11
      }
   },
   {
      "model":"menu.throughingredienttag",
      "pk":41,
      "fields":{
         "tag":32,
         "content_object":12
      }
   },
   {
      "model":"menu.throughingredienttag",
      "pk":42,
      "fields":{
         "tag":33,
         "content_object":12
      }
   },
   {
      "model":"menu.throughingredienttag",
      "pk":43,
      "fields":{
         "tag":34,
         "content_object":12
      }
   },
   {
      "model":"menu.throughingredienttag",
      "pk":44,
      "fields":{
         "tag":35,
         "content_object":12
      }
   },
   {
      "model":"menu.throughingredienttag",
      "pk":45,
      "fields":{
         "tag":36,
         "content_object":13
      }
   },
   {
      "model":"menu.throughingredienttag",
      "pk":46,
      "fields":{
         "tag":29,
         "content_object":13
      }
   },
   {
      "model":"menu.throughtagtag",
      "pk":1,
      "fields":{
         "tag":6,
         "content_object":1
      }
   },
   {
      "model":"menu.throughtagtag",
      "pk":2,
      "fields":{
         "tag":9,
         "content_object":2
      }
   },
   {
      "model":"menu.throughtagtag",
      "pk":3,
      "fields":{
         "tag":11,
         "content_object":3
      }
   },
   {
      "model":"menu.throughtagtag",
      "pk":4,
      "fields":{
         "tag":6,
         "content_object":3
      }
   },
   {
      "model":"menu.throughtagtag",
      "pk":5,
      "fields":{
         "tag":11,
         "content_object":4
      }
   },
   {
      "model":"menu.throughtagtag",
      "pk":6,
      "fields":{
         "tag":9,
         "content_object":5
      }
   },
   {
      "model":"menu.throughtagtag",
      "pk":7,
      "fields":{
         "tag":9,
         "content_object":6
      }
   },
   {
      "model":"menu.throughtagtag",
      "pk":8,
      "fields":{
         "tag":21,
         "content_object":7
      }
   },
   {
      "model":"menu.throughtagtag",
      "pk":9,
      "fields":{
         "tag":9,
         "content_object":8
      }
   },
   {
      "model":"menu.throughtagtag",
      "pk":10,
      "fields":{
         "tag":23,
         "content_object":8
      }
   },
   {
      "model":"menu.throughtagtag",
      "pk":11,
      "fields":{
         "tag":21,
         "content_object":9
      }
   },
   {
      "model":"menu.throughtagtag",
      "pk":12,
      "fields":{
         "tag":9,
         "content_object":10
      }
   },
   {
      "model":"menu.throughtagtag",
      "pk":13,
      "fields":{
         "tag":9,
         "content_object":11
      }
   },
   {
      "model":"menu.throughtagtag",
      "pk":14,
      "fields":{
         "tag":9,
         "content_object":12
      }
   },
   {
      "model":"menu.throughtagtag",
      "pk":15,
      "fields":{
         "tag":9,
         "content_object":13
      }
   },
   {
      "model":"menu.throughtagtag",
      "pk":16,
      "fields":{
         "tag":11,
         "content_object":13
      }
   },
   {
      "model":"menu.menuitem",
      "pk":1,
      "fields":{
         "menuitem_name":"Bruschetta",
         "cost":"7.00",
         "description":"Grilled bread rubbed with garlic and topped with fresh tomatoes, basil, and olive oil.",
         "available":true,
         "uuid":"8de50e80-b11a-4fb6-8f9e-cac1a039c462",
         "image":null,
         "position":0,
         "category":[
            1
         ]
      }
   },
   {
      "model":"menu.menuitem",
      "pk":2,
      "fields":{
         "menuitem_name":"Garlic Bread",
         "cost":"4.50",
         "description":"Crispy bread topped with garlic butter and herbs.",
         "available":true,
         "uuid":"2a8ad772-411e-49fc-8cec-e426daace955",
         "image":null,
         "position":1,
         "category":[
            1
         ]
      }
   },
   {
      "model":"menu.menuitem",
      "pk":3,
      "fields":{
         "menuitem_name":"Mixed Olive Plate",
         "cost":"6.00",
         "description":"A selection of Italian olives marinated in herbs and olive oil.",
         "available":true,
         "uuid":"a009129e-a7be-48ef-8d45-cb68b0ea4892",
         "image":null,
         "position":2,
         "category":[
            1
         ]
      }
   },
   {
      "model":"menu.menuitem",
      "pk":4,
      "fields":{
         "menuitem_name":"Polenta Fries",
         "cost":"5.00",
         "description":"Golden and crispy polenta fries served with a spicy marinara dip.",
         "available":true,
         "uuid":"366b1f00-8d1c-43ec-8fbd-f7b790aa68c5",
         "image":null,
         "position":3,
         "category":[
            1
         ]
      }
   },
   {
      "model":"menu.menuitem",
      "pk":5,
      "fields":{
         "menuitem_name":"Margherita",
         "cost":"12.00",
         "description":"Classic Margherita with homemade tomato sauce, fresh mozzarella, and basil.",
         "available":true,
         "uuid":"fa08cbd8-8af1-4297-b48f-c02f4805cd4c",
         "image":null,
         "position":0,
         "category":[
            2
         ]
      }
   },
   {
      "model":"menu.menuitem",
      "pk":6,
      "fields":{
         "menuitem_name":"Quattro Formaggi",
         "cost":"14.00",
         "description":"A rich blend of four cheeses: mozzarella, gorgonzola, parmesan, and fontina, perfectly melted over a crispy crust.",
         "available":true,
         "uuid":"c8ab0451-57a4-49f6-9f30-43d1027d5beb",
         "image":null,
         "position":1,
         "category":[
            2
         ]
      }
   },
   {
      "model":"menu.menuitem",
      "pk":7,
      "fields":{
         "menuitem_name":"Prosciutto e Funghi",
         "cost":"15.00",
         "description":"Thin slices of prosciutto and earthy mushrooms over a bed of creamy mozzarella and homemade tomato sauce.",
         "available":true,
         "uuid":"0fdb1b29-08e3-4040-9b19-a063510534fc",
         "image":null,
         "position":2,
         "category":[
            2
         ]
      }
   },
   {
      "model":"menu.menuitem",
      "pk":8,
      "fields":{
         "menuitem_name":"Veggie Pizza",
         "cost":"12.00",
         "description":"Loaded with bell peppers, onions, tomatoes, mushrooms, and olives on a classic tomato base topped with mozzarella.",
         "available":true,
         "uuid":"4f081c7c-99d4-411b-ac41-7bccc3a36a75",
         "image":null,
         "position":3,
         "category":[
            2
         ]
      }
   },
   {
      "model":"menu.menuitem",
      "pk":9,
      "fields":{
         "menuitem_name":"Spaghetti Carbonara",
         "cost":"15.00",
         "description":"Traditional spaghetti with creamy egg sauce, pancetta, and Parmesan cheese.",
         "available":true,
         "uuid":"d9dbd92c-ff97-4d21-8024-8dbb3fbe5538",
         "image":null,
         "position":0,
         "category":[
            3
         ]
      }
   },
   {
      "model":"menu.menuitem",
      "pk":10,
      "fields":{
         "menuitem_name":"Pesto Genovese",
         "cost":"14.00",
         "description":"Freshly made pesto sauce served over your choice of pasta.",
         "available":true,
         "uuid":"a0cb8acb-7f0e-4710-b79b-3ea6263ce67a",
         "image":null,
         "position":1,
         "category":[
            3
         ]
      }
   },
   {
      "model":"menu.menuitem",
      "pk":11,
      "fields":{
         "menuitem_name":"Tiramisu",
         "cost":"8.50",
         "description":"Layered dessert made with espresso-soaked ladyfingers and mascarpone cream.",
         "available":true,
         "uuid":"172f78bf-616d-4e17-be0f-68ca973e139a",
         "image":null,
         "position":0,
         "category":[
            4
         ]
      }
   },
   {
      "model":"menu.menuitem",
      "pk":12,
      "fields":{
         "menuitem_name":"Cannoli",
         "cost":"7.00",
         "description":"Crisp pastry shells filled with sweet, creamy ricotta and chocolate chips, dusted with powdered sugar.",
         "available":true,
         "uuid":"4c9ff2be-137b-4ad4-843f-d24f9fd3a444",
         "image":null,
         "position":1,
         "category":[
            4
         ]
      }
   },
   {
      "model":"menu.menuitem",
      "pk":13,
      "fields":{
         "menuitem_name":"Affogato",
         "cost":"6.00",
         "description":"A delightful blend of hot espresso poured over homemade vanilla gelato.",
         "available":true,
         "uuid":"8d484de1-d15a-49e7-9bf3-1fac46f7dcfb",
         "image":null,
         "position":2,
         "category":[
            4
         ]
      }
   },
   {
      "model":"taggit.tag",
      "pk":1,
      "fields":{
         "name":"Olive Oil",
         "slug":"olive-oil"
      }
   },
   {
      "model":"taggit.tag",
      "pk":2,
      "fields":{
         "name":"Bread",
         "slug":"bread"
      }
   },
   {
      "model":"taggit.tag",
      "pk":3,
      "fields":{
         "name":"Garlic",
         "slug":"garlic"
      }
   },
   {
      "model":"taggit.tag",
      "pk":4,
      "fields":{
         "name":"Tomatoes",
         "slug":"tomatoes"
      }
   },
   {
      "model":"taggit.tag",
      "pk":5,
      "fields":{
         "name":"Basil",
         "slug":"basil"
      }
   },
   {
      "model":"taggit.tag",
      "pk":6,
      "fields":{
         "name":"Vegan",
         "slug":"vegan"
      }
   },
   {
      "model":"taggit.tag",
      "pk":7,
      "fields":{
         "name":"Herbs",
         "slug":"herbs"
      }
   },
   {
      "model":"taggit.tag",
      "pk":8,
      "fields":{
         "name":"Butter",
         "slug":"butter"
      }
   },
   {
      "model":"taggit.tag",
      "pk":9,
      "fields":{
         "name":"Vegetarian",
         "slug":"vegetarian"
      }
   },
   {
      "model":"taggit.tag",
      "pk":10,
      "fields":{
         "name":"Olives",
         "slug":"olives"
      }
   },
   {
      "model":"taggit.tag",
      "pk":11,
      "fields":{
         "name":"Gluten-Free",
         "slug":"gluten-free"
      }
   },
   {
      "model":"taggit.tag",
      "pk":12,
      "fields":{
         "name":"Polenta",
         "slug":"polenta"
      }
   },
   {
      "model":"taggit.tag",
      "pk":13,
      "fields":{
         "name":"Spices",
         "slug":"spices"
      }
   },
   {
      "model":"taggit.tag",
      "pk":14,
      "fields":{
         "name":"Marinara Sauce",
         "slug":"marinara-sauce"
      }
   },
   {
      "model":"taggit.tag",
      "pk":15,
      "fields":{
         "name":"Mozzarella Cheese",
         "slug":"mozzarella-cheese"
      }
   },
   {
      "model":"taggit.tag",
      "pk":16,
      "fields":{
         "name":"Tomato Sauce",
         "slug":"tomato-sauce"
      }
   },
   {
      "model":"taggit.tag",
      "pk":17,
      "fields":{
         "name":"Fontina Cheese",
         "slug":"fontina-cheese"
      }
   },
   {
      "model":"taggit.tag",
      "pk":18,
      "fields":{
         "name":"Parmesan Cheese",
         "slug":"parmesan-cheese"
      }
   },
   {
      "model":"taggit.tag",
      "pk":19,
      "fields":{
         "name":"Gorgonzola Cheese",
         "slug":"gorgonzola-cheese"
      }
   },
   {
      "model":"taggit.tag",
      "pk":20,
      "fields":{
         "name":"Prosciutto",
         "slug":"prosciutto"
      }
   },
   {
      "model":"taggit.tag",
      "pk":21,
      "fields":{
         "name":"High Protein",
         "slug":"high-protein"
      }
   },
   {
      "model":"taggit.tag",
      "pk":22,
      "fields":{
         "name":"Bell Peppers",
         "slug":"bell-peppers"
      }
   },
   {
      "model":"taggit.tag",
      "pk":23,
      "fields":{
         "name":"Healthy Option",
         "slug":"healthy-option"
      }
   },
   {
      "model":"taggit.tag",
      "pk":24,
      "fields":{
         "name":"Pancetta",
         "slug":"pancetta"
      }
   },
   {
      "model":"taggit.tag",
      "pk":25,
      "fields":{
         "name":"Spaghetti",
         "slug":"spaghetti"
      }
   },
   {
      "model":"taggit.tag",
      "pk":26,
      "fields":{
         "name":"Egg",
         "slug":"egg"
      }
   },
   {
      "model":"taggit.tag",
      "pk":27,
      "fields":{
         "name":"Pine Nuts",
         "slug":"pine-nuts"
      }
   },
   {
      "model":"taggit.tag",
      "pk":28,
      "fields":{
         "name":"Ladyfingers",
         "slug":"ladyfingers"
      }
   },
   {
      "model":"taggit.tag",
      "pk":29,
      "fields":{
         "name":"Espresso",
         "slug":"espresso"
      }
   },
   {
      "model":"taggit.tag",
      "pk":30,
      "fields":{
         "name":"Mascarpone Cheese",
         "slug":"mascarpone-cheese"
      }
   },
   {
      "model":"taggit.tag",
      "pk":31,
      "fields":{
         "name":"Cocoa",
         "slug":"cocoa"
      }
   },
   {
      "model":"taggit.tag",
      "pk":32,
      "fields":{
         "name":"Pastry Shell",
         "slug":"pastry-shell"
      }
   },
   {
      "model":"taggit.tag",
      "pk":33,
      "fields":{
         "name":"Ricotta Cheese",
         "slug":"ricotta-cheese"
      }
   },
   {
      "model":"taggit.tag",
      "pk":34,
      "fields":{
         "name":"Chocolate Chips",
         "slug":"chocolate-chips"
      }
   },
   {
      "model":"taggit.tag",
      "pk":35,
      "fields":{
         "name":"Powdered Sugar",
         "slug":"powdered-sugar"
      }
   },
   {
      "model":"taggit.tag",
      "pk":36,
      "fields":{
         "name":"Vanilla Gelato",
         "slug":"vanilla-gelato"
      }
   }
]